{"cameraMode":{"drawMode":0,"name":"Shaded","section":"Shading Mode"},"sceneLighting":false,"audioPlay":false,"sceneViewState":{"showFog":true,"showMaterialUpdate":false,"showSkybox":false,"showFlares":true,"showImageEffects":true,"showParticleSystems":true},"in2DMode":false,"pivot":{"x":-3.5807647705078127,"y":7.846744537353516,"z":2.5405616760253908},"rotation":{"x":0.010427305474877358,"y":0.9072709083557129,"z":0.03354928269982338,"w":-0.4198093116283417},"size":23.05246925354004,"orthographic":false}